{
  "libero_90": {
    "action": {
      "mean": [
        0.04172046110033989,
        0.034511443227529526,
        -0.0957973450422287,
        0.005107237957417965,
        0.0023151873610913754,
        -0.007162357214838266,
        0.528055727481842
      ],
      "std": [
        0.2967013418674469,
        0.35582149028778076,
        0.4035131633281708,
        0.04810241237282753,
        0.05849578231573105,
        0.08841273933649063,
        0.5001044273376465
      ],
      "max": [
        0.9375,
        0.9375,
        0.9375,
        0.375,
        0.375,
        0.375,
        1.0
      ],
      "min": [
        -0.9375,
        -0.9375,
        -0.9375,
        -0.33964285254478455,
        -0.375,
        -0.375,
        0.0
      ],
      "q01": [
        -0.6267856955528259,
        -0.8651785850524902,
        -0.8892857432365417,
        -0.12214285880327225,
        -0.1574999988079071,
        -0.27964285016059875,
        0.0
      ],
      "q99": [
        0.8491071462631226,
        0.8464285731315613,
        0.9375,
        0.18535713851451874,
        0.18000000715255737,
        0.34928572177886963,
        1.0
      ],
      "mask": [
        true,
        true,
        true,
        true,
        true,
        true,
        false
      ]
    },
    "proprio": {
      "mean": [
        0.0,
        0.0,
        0.0,
        0.0,
        0.0,
        0.0,
        0.0
      ],
      "std": [
        0.0,
        0.0,
        0.0,
        0.0,
        0.0,
        0.0,
        0.0
      ],
      "max": [
        0.0,
        0.0,
        0.0,
        0.0,
        0.0,
        0.0,
        0.0
      ],
      "min": [
        0.0,
        0.0,
        0.0,
        0.0,
        0.0,
        0.0,
        0.0
      ],
      "q01": [
        0.0,
        0.0,
        0.0,
        0.0,
        0.0,
        0.0,
        0.0
      ],
      "q99": [
        0.0,
        0.0,
        0.0,
        0.0,
        0.0,
        0.0,
        0.0
      ]
    },
    "num_transitions": 669043,
    "num_trajectories": 4500
  }
}